maneuver,agent,episodes,success_rate,collision_rate,timeout_rate,mean_return,mean_survival_time_s,mean_time_to_collision_s,mean_creep_zone_speed,high_speed_zone_rate,creep_speed_rate,mean_min_ttc,mean_min_conflict_ttc,mean_action_change_rate,mean_ego_speed,ego_stop_rate,mean_ego_stopped_time_s,mean_ego_delay_proxy_s,mean_traffic_vehicle_seconds,mean_traffic_speed,traffic_stop_rate,mean_traffic_delay_proxy_s,mean_system_delay_proxy_s,slower_action_rate,idle_action_rate,faster_action_rate,safety_shield,mean_safety_intervention_rate,mean_safety_emergency_brake_rate,mean_safety_progress_assist_rate,mean_safety_violation_rate,mean_safety_min_h,mean_safety_neighbor_rate,policy_family,initial_vehicle_count,spawn_probability,duration,negotiating_traffic,surrounding_vehicle_control,simulator_crash_rate
straight,benchmark12_0_5_straight_learned_safety_progress,20,0.05,0.25,0.7,-82.06717271217003,20.07,13.879999999999999,1.3507034648056933,0.016247795414462078,0.487283492872816,0.8854962966447821,3.42245912684184,0.3378713462967958,2.2581528734814276,0.352504543059394,7.380000000000001,14.508556516861171,324.26000000000005,6.330019254377627,0.06144085988288837,78.06379548104599,92.57235199790713,0.04225784027551176,0.1862380427727516,0.7715041169517367,True,0.672285199318945,0.14264111131566057,0.35127277425769304,0.32192151597034285,-5.2181423726996075,0.9205469208458524,learned_safety_progress,12,0.5,22,False,unmodified_highway_env_IDMVehicle,0.0
left,benchmark12_0_5_left_learned_safety_progress,20,0.05,0.1,0.85,-119.41184234428776,21.47,16.8,1.0482019442860147,0.004545454545454545,0.3877340230817116,1.0935835544570005,3.799795265447512,0.2782323333563742,1.9432398877805923,0.45082458929517744,9.869999999999997,16.394770295670117,360.6,5.956770528792645,0.08525722544492682,98.88773265455299,115.2825029502231,0.04064916706988318,0.22984283772263314,0.7295079952074837,True,0.6904811985898944,0.12232419759913364,0.27474219488030227,0.416474297827239,-5.328307901552707,0.9264763139098177,learned_safety_progress,12,0.5,22,False,unmodified_highway_env_IDMVehicle,0.0
