maneuver,agent,episodes,success_rate,collision_rate,timeout_rate,mean_return,mean_survival_time_s,mean_time_to_collision_s,mean_creep_zone_speed,high_speed_zone_rate,creep_speed_rate,mean_min_ttc,mean_min_conflict_ttc,mean_action_change_rate,mean_ego_speed,ego_stop_rate,mean_ego_stopped_time_s,mean_ego_delay_proxy_s,mean_traffic_vehicle_seconds,mean_traffic_speed,traffic_stop_rate,mean_traffic_delay_proxy_s,mean_system_delay_proxy_s,slower_action_rate,idle_action_rate,faster_action_rate,safety_shield,mean_safety_intervention_rate,mean_safety_emergency_brake_rate,mean_safety_progress_assist_rate,mean_safety_violation_rate,mean_safety_min_h,mean_safety_neighbor_rate,policy_family,initial_vehicle_count,spawn_probability,duration,negotiating_traffic,surrounding_vehicle_control,simulator_crash_rate
straight,benchmark12_0_5_straight_trained_safety_interaction_v3,5,0.6,0.0,0.4,8.344598868143583,15.84,,4.353658449861342,0.5896973845203338,0.09936157582952743,1.0515029462380732,1.8619534826827686,0.24011958386958385,5.152320844833732,0.24324324324324326,5.4,7.688132774572958,239.84,6.048513486115467,0.10432618070647555,86.68411362716965,94.37224640174261,0.007275132275132275,0.4828100421850422,0.5099148255398255,True,0.3405847812097812,0.07138433075933076,0.0,0.2170608108108108,-3.232070223044208,0.8403626841126842,trained_safety_interaction_v3,12,0.5,22,False,unmodified_highway_env_IDMVehicle,0.0
left,benchmark12_0_5_left_trained_safety_interaction_v3,5,0.2,0.0,0.8,-81.38115139462715,20.96,,1.5176710579061852,0.008333333333333333,0.4400810240484153,0.7601175560488599,2.781625287990322,0.21198198198198198,2.398463497544258,0.4414414414414414,9.8,15.249666584065215,353.4,6.504525585977939,0.04288613151690723,76.42497666975586,91.67464325382107,0.07434684684684685,0.3181531531531531,0.6074999999999999,True,0.5405405405405405,0.06126126126126126,0.0,0.41981981981981986,-3.9000290084648817,0.9712837837837839,trained_safety_interaction_v3,12,0.5,22,False,unmodified_highway_env_IDMVehicle,0.0
