episode,return,discounted_return,steps,survival_time_s,success,collision,timeout,min_ttc,mean_ego_speed,high_speed_rate,mean_abs_accel_action,brake_action_rate,throttle_action_rate
0,27.989931959658833,12.33922934862311,48,9.6,True,False,False,0.08440720116163508,0.4132664556401149,0.0,0.5568873391797146,0.4166666666666667,0.3958333333333333
1,21.93244658410549,13.617599122869624,27,5.4,False,True,False,0.09048404286133369,0.5277618980550103,0.0,0.5156951783983795,0.37037037037037035,0.4444444444444444
2,35.62211448512978,16.342709455921057,47,9.4,True,False,False,0.08440923523648544,0.44516760862620836,0.0,0.5391074034603353,0.44680851063829785,0.3617021276595745
3,38.0,17.152085173072496,38,7.6,True,False,False,0.09165816618968387,0.5387985572067588,0.0,0.4546824164786621,0.34210526315789475,0.39473684210526316
4,-0.3483795367126117,0.16809268997547377,5,1.0,False,True,False,0.6469948199551119,0.4743749678134918,0.0,0.37383949011564255,0.4,0.2
